iso3,sos_total,rank_total,quadrant
TZA,1.42431917718784,1,Q4: Blocked
CAN,1.34584142406301,2,Q1: Actionable
KEN,1.1811028326466,3,Q1: Actionable
IND,0.795484516551758,4,Q4: Blocked
MDG,0.715029012463799,5,Q4: Blocked
EGY,0.701518176666849,6,Q4: Blocked
VNM,0.677973985251022,7,Q4: Blocked
IDN,0.659539779489022,8,Q4: Blocked
PHL,0.539248721044064,9,Q1: Actionable
MMR,0.521519747522089,10,Q4: Blocked
BGR,0.368822157434334,11,Q1: Actionable
UKR,0.359183115921752,12,Q4: Blocked
LAO,0.308848565902173,13,Q4: Blocked
SEN,0.308190902985615,14,Q4: Blocked
PAK,0.288222217889871,15,Q3: Legal Complexity
KOR,0.282521481659109,16,Q4: Blocked
PAN,0.197478616563077,17,Q2: Infrastructure Gap
FIN,0.18792514557106,18,Q2: Infrastructure Gap
LBN,0.174158345074125,19,Q2: Infrastructure Gap
AUS,0.141770714426904,20,Q1: Actionable
TGO,0.128304382404818,21,Q4: Blocked
UGA,0.126927107642323,22,Q1: Actionable
HUN,0.126669000502187,23,Q2: Infrastructure Gap
SYR,0.111598009026889,24,Q4: Blocked
THA,0.111334600670954,25,Q4: Blocked
CHN,0.106358745532494,26,Q4: Blocked
GIB,0.100512303060852,27,Q4: Blocked
AND,0.0856996277181782,28,Q4: Blocked
MYS,0.0818871751478054,29,Q3: Legal Complexity
ISR,0.05669166469378,30,Q1: Actionable
LKA,0.0515701857832117,31,Q4: Blocked
UZB,0.0383101091337076,32,Q4: Blocked
NPL,0.0376344860076272,33,Q4: Blocked
CYM,0.0362104365007444,34,Q4: Blocked
ARG,0.0333455946968874,35,Q4: Blocked
ATF,0.0330352697973217,36,Q4: Blocked
ASM,0.0297031106703021,37,Q4: Blocked
MEX,0.0284424688374819,38,Q2: Infrastructure Gap
GTM,0.0267527030115435,39,Q2: Infrastructure Gap
TUN,0.0253453977995548,40,Q4: Blocked
AIA,0.0226831725738262,41,Q4: Blocked
LTU,0.0220976766246748,42,Q1: Actionable
MLT,0.0184470088337144,43,Q2: Infrastructure Gap
SVN,0.0162708227309272,44,Q1: Actionable
ALB,0.0153018872011615,45,Q4: Blocked
NIU,0.0125487236461466,46,Q4: Blocked
HKG,0.008449524823129,47,Q3: Legal Complexity
SWE,0.00792655001717153,48,Q1: Actionable
IRL,0.00213727455121797,49,Q1: Actionable
IRN,0.000462833406267565,50,Q4: Blocked
BLM,0,58,Q4: Blocked
CAF,0,58,Q4: Blocked
CCK,0,58,Q4: Blocked
KNA,0,58,Q4: Blocked
LCA,0,58,Q4: Blocked
MSR,0,58,Q4: Blocked
NER,0,58,Q4: Blocked
PCN,0,58,Q4: Blocked
PSE,0,58,Q4: Blocked
S19,0,58,Q4: Blocked
SHN,0,58,Q4: Blocked
SPM,0,58,Q4: Blocked
VCT,0,58,Q4: Blocked
WLF,0,58,Q4: Blocked
ZAF,0,58,Q3: Legal Complexity
MNP,-0.000412073846819559,66,Q4: Blocked
GEO,-0.000866470736311551,67,Q1: Actionable
CXR,-0.000881816592126156,68,Q4: Blocked
TCA,-0.00394911689891607,69,Q4: Blocked
TON,-0.00634496088172859,70,Q4: Blocked
SVK,-0.00730521714336876,71,Q2: Infrastructure Gap
NFK,-0.00807353136513398,72,Q4: Blocked
MNE,-0.0113333888876235,73,Q4: Blocked
DOM,-0.011566560479276,74,Q2: Infrastructure Gap
BRN,-0.0127905485767807,75,Q4: Blocked
VGB,-0.0136221799497242,76,Q4: Blocked
PRY,-0.0147806654029925,77,Q2: Infrastructure Gap
TJK,-0.0168135416152974,78,Q4: Blocked
FLK,-0.0181588679235266,79,Q4: Blocked
BOL,-0.0213149078242975,80,Q2: Infrastructure Gap
GUM,-0.0215720949074817,81,Q4: Blocked
FSM,-0.0234114115822667,82,Q4: Blocked
JOR,-0.0249655165809326,83,Q2: Infrastructure Gap
MDA,-0.025769741721147,84,Q4: Blocked
COM,-0.0286675833046493,85,Q4: Blocked
AUT,-0.0297466201000309,86,Q2: Infrastructure Gap
TUV,-0.0316191126930843,87,Q4: Blocked
BMU,-0.0327108791551781,88,Q4: Blocked
RWA,-0.033500827065885,89,Q2: Infrastructure Gap
TKL,-0.0355467643568113,90,Q4: Blocked
IOT,-0.0357523760790791,91,Q4: Blocked
SSD,-0.0358235699593224,92,Q4: Blocked
GRL,-0.0371937859065359,93,Q4: Blocked
PRK,-0.0408455046609669,94,Q4: Blocked
CRI,-0.0454536376051918,95,Q2: Infrastructure Gap
STP,-0.045627276351706,96,Q4: Blocked
GNQ,-0.0462788327441807,97,Q4: Blocked
NRU,-0.0481633638224319,98,Q4: Blocked
PLW,-0.0490304914491584,99,Q4: Blocked
KIR,-0.0517885306779209,100,Q2: Infrastructure Gap
MAC,-0.0523088061241285,101,Q4: Blocked
COK,-0.052786286346243,102,Q4: Blocked
ATG,-0.0551605351020659,103,Q2: Infrastructure Gap
KHM,-0.0553550162266432,104,Q2: Infrastructure Gap
MAR,-0.0584890581130086,105,Q4: Blocked
MHL,-0.0620619439498694,106,Q2: Infrastructure Gap
NZL,-0.0707627582034995,107,Q1: Actionable
GNB,-0.0719149239560662,108,Q4: Blocked
WSM,-0.072442600700081,109,Q4: Blocked
BES,-0.0737222554975698,110,Q4: Blocked
CYP,-0.0737711037756705,111,Q2: Infrastructure Gap
ABW,-0.0744796987370066,112,Q4: Blocked
BTN,-0.0750545358797937,113,Q4: Blocked
SXM,-0.0758199187947553,114,Q4: Blocked
BIH,-0.0762942007523644,115,Q4: Blocked
GRD,-0.0767403828631192,116,Q4: Blocked
MDV,-0.0776009924005143,117,Q2: Infrastructure Gap
GMB,-0.0783032959217039,118,Q4: Blocked
LSO,-0.080495625903214,119,Q4: Blocked
TLS,-0.0830179532312561,120,Q4: Blocked
LVA,-0.0843175166064166,121,Q2: Infrastructure Gap
BRA,-0.0850275948808717,122,Q4: Blocked
JPN,-0.0850779514296978,123,Q2: Infrastructure Gap
HTI,-0.0920125500756232,124,Q2: Infrastructure Gap
NCL,-0.093725328863404,125,Q4: Blocked
ERI,-0.0978774309500945,126,Q4: Blocked
GRC,-0.0986225446634582,127,Q2: Infrastructure Gap
MWI,-0.0994739990058929,128,Q4: Blocked
CHL,-0.10217693124188,129,Q2: Infrastructure Gap
MOZ,-0.102902526516537,130,Q4: Blocked
MNG,-0.106364981697983,131,Q2: Infrastructure Gap
PYF,-0.108498133439265,132,Q4: Blocked
BLR,-0.109146132442484,133,Q4: Blocked
MLI,-0.109289393253967,134,Q4: Blocked
KGZ,-0.113407522124285,135,Q2: Infrastructure Gap
TCD,-0.119083928792648,136,Q4: Blocked
HND,-0.1191268849474,137,Q4: Blocked
URY,-0.122461538613889,138,Q2: Infrastructure Gap
FJI,-0.123766339226628,139,Q4: Blocked
BEN,-0.124012098014206,140,Q4: Blocked
SLV,-0.125758634373446,141,Q2: Infrastructure Gap
SWZ,-0.12737304329379,142,Q4: Blocked
GBR,-0.133331763088446,143,Q1: Actionable
ETH,-0.133555992317571,144,Q4: Blocked
GUY,-0.136416805727645,145,Q2: Infrastructure Gap
BHS,-0.136861296655978,146,Q4: Blocked
CMR,-0.13839721204611,147,Q4: Blocked
BDI,-0.13920502548654,148,Q4: Blocked
JAM,-0.148204768167371,149,Q4: Blocked
PRT,-0.149673864470181,150,Q1: Actionable
COD,-0.15356287603,151,Q4: Blocked
SLB,-0.154888819741457,152,Q4: Blocked
SLE,-0.155976858315344,153,Q4: Blocked
AFG,-0.158736554556588,154,Q4: Blocked
ZWE,-0.160455486210939,155,Q4: Blocked
DJI,-0.161866134581893,156,Q2: Infrastructure Gap
BWA,-0.16215220971359,157,Q2: Infrastructure Gap
BHR,-0.166768616814237,158,Q2: Infrastructure Gap
PNG,-0.169342647262444,159,Q4: Blocked
COG,-0.171429826981943,160,Q4: Blocked
VUT,-0.171445468873148,161,Q2: Infrastructure Gap
SOM,-0.171700440022752,162,Q4: Blocked
CIV,-0.172461802966304,163,Q4: Blocked
ROU,-0.177980351325948,164,Q1: Actionable
DMA,-0.18493538535556,165,Q4: Blocked
EST,-0.191441205335517,166,Q2: Infrastructure Gap
BRB,-0.195728425037427,167,Q4: Blocked
NIC,-0.197657282921912,168,Q2: Infrastructure Gap
FRA,-0.202616485219144,169,Q2: Infrastructure Gap
CUB,-0.203340552241509,170,Q4: Blocked
HRV,-0.204505455713499,171,Q1: Actionable
TKM,-0.208576937970262,172,Q4: Blocked
YEM,-0.208856066285585,173,Q4: Blocked
ISL,-0.209470524590566,174,Q2: Infrastructure Gap
LBR,-0.210271435717559,175,Q2: Infrastructure Gap
AZE,-0.210353171686674,176,Q4: Blocked
SUR,-0.212486840100271,177,Q4: Blocked
SGP,-0.21577531992923,178,Q1: Actionable
ARM,-0.223677845612572,179,Q2: Infrastructure Gap
BGD,-0.235607433748436,180,Q4: Blocked
MUS,-0.237928801236379,181,Q2: Infrastructure Gap
ECU,-0.239669826785733,182,Q2: Infrastructure Gap
SRB,-0.260273434585833,183,Q4: Blocked
CPV,-0.265638961409667,184,Q4: Blocked
NAM,-0.266696357399487,185,Q4: Blocked
SYC,-0.272049817270456,186,Q2: Infrastructure Gap
MKD,-0.286910874261224,187,Q4: Blocked
BLZ,-0.288326687786475,188,Q4: Blocked
OMN,-0.293168443840623,189,Q2: Infrastructure Gap
SDN,-0.302460133891009,190,Q2: Infrastructure Gap
SAU,-0.310428462839575,191,Q2: Infrastructure Gap
TUR,-0.341158885819895,192,Q4: Blocked
PER,-0.353153326523465,193,Q2: Infrastructure Gap
CUW,-0.353492736863063,194,Q4: Blocked
MRT,-0.363204043582903,195,Q4: Blocked
COL,-0.374676647092051,196,Q4: Blocked
ZMB,-0.385225262441638,197,Q2: Infrastructure Gap
SMR,-0.393223028736941,198,Q2: Infrastructure Gap
USA,-0.405487616977006,199,Q1: Actionable
CHE,-0.413953893243831,200,Q1: Actionable
LBY,-0.42521798348384,201,Q4: Blocked
NLD,-0.42593593962232,202,Q1: Actionable
LUX,-0.429692428382498,203,Q4: Blocked
VEN,-0.441852427057724,204,Q4: Blocked
GIN,-0.457751600494552,205,Q4: Blocked
AGO,-0.461073997592576,206,Q4: Blocked
DNK,-0.471569477928395,207,Q2: Infrastructure Gap
GAB,-0.486575833758624,208,Q4: Blocked
TTO,-0.498568388258432,209,Q2: Infrastructure Gap
CZE,-0.51475527016604,210,Q2: Infrastructure Gap
BFA,-0.584374351765423,211,Q4: Blocked
BEL,-0.629403827163578,212,Q2: Infrastructure Gap
GHA,-0.690329652350881,213,Q4: Blocked
ESP,-0.86868341909127,214,Q2: Infrastructure Gap
IRQ,-0.899683693401991,215,Q4: Blocked
KAZ,-0.947777736048903,216,Q4: Blocked
POL,-1.03199183670056,217,Q2: Infrastructure Gap
KWT,-1.25573404857364,218,Q2: Infrastructure Gap
QAT,-1.33987462687392,219,Q2: Infrastructure Gap
ITA,-1.41410232799653,220,Q2: Infrastructure Gap
DEU,-1.42371535915609,221,Q2: Infrastructure Gap
RUS,-1.47682507430808,222,Q4: Blocked
NOR,-1.72059374961817,223,Q2: Infrastructure Gap
ARE,-1.74064603185849,224,Q1: Actionable
DZA,-1.83260701694928,225,Q4: Blocked
NGA,-3.69028891227721,226,Q3: Legal Complexity
